{
    "Hobbiton": {"x": 855, "y":741},
    "Shelob's lair":{"x": 2144.5, "y":1643},
    "Bombadils House": {"x": 973, "y":705},
    "Mount Doom": {"x": 2267.8, "y":1607.2},
    "Morgai": {"x": 2167.8, "y":1575},
    "Sammath Naur": {"x": 2267.8, "y":1587.9},
    "Caradhras": {"x": 1542.8, "y":866},
    "Weathertop": {"x": 1207.1, "y":626.8},
    "Henneth Amun": {"x": 2073, "y":1643.5},
    "Rivendell": {"x": 1548.2, "y":636.2},
    "Caras Galadhon": {"x": 1701, "y":1012},
    "Cirith-Ungol": {"x": 2125,"y":1661.2},
    "Sarn Gebir": {"x": 1885.7, "y":1423.6},
    "Parth Galen": {"x": 1892.8, "y":1467},
    "Hollin": {"x": 1482.142822265625, "y":874.047607421875},
    "eastern Emyn Muil":{"x": 1896.4, "y":1413.6},
    "Cross-roads": {"x": 2105.4, "y":1677.3},
    "Dead Marshes": {"x": 2030.4, "y":1490},
    "Barrow Downs": {"x": 994.6, "y":746.9},
    "Bree": {"x": 1041.1, "y":677.3},
    "Isenmouthe": {"x": 2259, "y":1549.4},
    "Bridge of Mitheithel": {"x": 1375, "y":633.9},
    "slag-mounds": {"x": 2121.4, "y":1435.7},
    "Morannon": {"x": 2219.6, "y":1442.6},
    "Ford of Bruinen": {"x": 1516, "y":657.1},
    "Hall 21 of Moria": {"x": 1516, "y":926.8},
    "road to Barad-dur": {"x": 2319.6, "y":1580.9},
    "Morgul-road": {"x": 2087.8, "y":1680.7},
    "West-gate of Moria": {"x": 1496.4, "y":929.5},
    "Bridge of Khazad-dum": {"x": 1548.2, "y":922.3},
    "XXX": {"x":0,"y":0},
    "Emyn Muil": {"x": 1969.6, "y":1409.5},
    "Nimrodel": {"x": 1608.9, "y":991.5}
}